{
  "-70.6084864,-33.4299136;-70.602913,-33.470321": 4.9985,
  "-70.6084864,-33.4299136;-70.640983,-33.455876": 5.6725,
  "-70.6084864,-33.4299136;-70.611873,-33.428873": 0.7235,
  "-70.6084864,-33.4299136;-70.618456,-33.460985": 4.9132,
  "-70.6084864,-33.4299136;-70.614329,-33.429321": 1.4872,
  "-70.6084864,-33.4299136;-70.607609,-33.427873": 0.5777,
  "-70.6084864,-33.4299136;-70.607651,-33.421393": 1.3002,
  "-70.6084864,-33.4299136;-70.606547,-33.420983": 1.4237,
  "-70.6084864,-33.4299136;-70.611324,-33.465894": 4.5964,
  "-70.6084864,-33.4299136;-70.632874,-33.438212": 3.8921,
  "-70.6084864,-33.4299136;-70.608731,-33.419543": 1.7165
}